"","x","y","color","pendown","type"
"1","0","-0.265329506","15","TRUE","reds"
"2","1","-0.390298357","15","TRUE","reds"
"3","2","-0.401680084","15","TRUE","reds"
"4","3","-0.483934382","15","TRUE","reds"
"5","4","-0.833429109","15","TRUE","reds"
"6","5","-0.938824172","15","TRUE","reds"
"7","6","-1.474485846","15","TRUE","reds"
"8","7","-1.682009564","15","TRUE","reds"
"9","8","-1.644216124","15","TRUE","reds"
"10","9","-1.293942773","15","TRUE","reds"
"11","10","-1.968712392","15","TRUE","reds"
"12","11","-1.939918285","15","TRUE","reds"
"13","12","-1.522160682","15","TRUE","reds"
"14","13","-1.225414106","15","TRUE","reds"
"15","14","-1.52179642","15","TRUE","reds"
"16","15","-1.320994233","15","TRUE","reds"
"17","16","-1.629443569","15","TRUE","reds"
"18","17","-0.820955105","15","TRUE","reds"
"19","18","-1.011623834","15","TRUE","reds"
"20","19","-0.864019723","15","TRUE","reds"
"21","20","-0.876615156","15","TRUE","reds"
"22","21","-0.75869786","15","TRUE","reds"
"23","22","-1.407104696","15","TRUE","reds"
"24","23","-1.263302443","15","TRUE","reds"
"25","24","-1.348116373","15","TRUE","reds"
"26","25","-2.141515061","15","TRUE","reds"
"27","26","-2.086523202","15","TRUE","reds"
"28","27","-1.805076164","15","TRUE","reds"
"29","28","-1.887578933","15","TRUE","reds"
"30","29","-2.434866964","15","TRUE","reds"
"31","30","-2.735848984","15","TRUE","reds"
"32","31","-2.878869359","15","TRUE","reds"
"33","32","-2.848509106","15","TRUE","reds"
"34","33","-3.053032306","15","TRUE","reds"
"35","34","-2.91628577","15","TRUE","reds"
"36","35","-3.312923204","15","TRUE","reds"
"37","36","-3.452494574","15","TRUE","reds"
"38","37","-3.682853455","15","TRUE","reds"
"39","38","-3.428084185","15","TRUE","reds"
"40","39","-3.428467536","15","TRUE","reds"
"41","40","-4.284157281","15","TRUE","reds"
"42","41","-4.260949424","15","TRUE","reds"
"43","42","-4.004950859","15","TRUE","reds"
"44","43","-4.036651509","15","TRUE","reds"
"45","44","-4.224133248","15","TRUE","reds"
"46","45","-4.376128079","15","TRUE","reds"
"47","46","-4.82494021","15","TRUE","reds"
"48","47","-4.749510331","15","TRUE","reds"
"49","48","-4.52747817","15","TRUE","reds"
"50","49","-4.663313687","15","TRUE","reds"
"51","50","-4.443224612","15","TRUE","reds"
"52","51","-4.20082911","15","TRUE","reds"
"53","52","-4.513260773","15","TRUE","reds"
"54","53","-3.553575916","15","TRUE","reds"
"55","54","-4.227479048","15","TRUE","reds"
"56","55","-4.210143493","15","TRUE","reds"
"57","56","-4.224423963","15","TRUE","reds"
"58","57","-4.471552007","15","TRUE","reds"
"59","58","-4.571563552","15","TRUE","reds"
"60","59","-4.647940638","15","TRUE","reds"
"61","60","-5.027402492","15","TRUE","reds"
"62","61","-5.787869197","15","TRUE","reds"
"63","62","-5.416722884","15","TRUE","reds"
"64","63","-5.70761679","15","TRUE","reds"
"65","64","-6.045001075","15","TRUE","reds"
"66","65","-6.368663763","15","TRUE","reds"
"67","66","-6.553132073","15","TRUE","reds"
"68","67","-6.627692442","15","TRUE","reds"
"69","68","-6.399044093","15","TRUE","reds"
"70","69","-6.914358439","15","TRUE","reds"
"71","70","-7.115021731","15","TRUE","reds"
"72","71","-6.659253005","15","TRUE","reds"
"73","72","-6.847101287","15","TRUE","reds"
"74","73","-6.793732136","15","TRUE","reds"
"75","74","-7.400513065","15","TRUE","reds"
"76","75","-7.495567589","15","TRUE","reds"
"77","76","-7.417014914","15","TRUE","reds"
"78","77","-7.153788948","15","TRUE","reds"
"79","78","-7.421412523","15","TRUE","reds"
"80","79","-7.356191301","15","TRUE","reds"
"81","80","-7.285488215","15","TRUE","reds"
"82","81","-6.774425616","15","TRUE","reds"
"83","82","-7.026902607","15","TRUE","reds"
"84","83","-7.360306983","15","TRUE","reds"
"85","84","-7.249224345","15","TRUE","reds"
"86","85","-7.181527346","15","TRUE","reds"
"87","86","-7.122109026","15","TRUE","reds"
"88","87","-6.981841609","15","TRUE","reds"
"89","88","-7.014610876","15","TRUE","reds"
"90","89","-6.832436843","15","TRUE","reds"
"91","90","-6.355361843","15","TRUE","reds"
"92","91","-6.296084738","15","TRUE","reds"
"93","92","-7.26460088","15","TRUE","reds"
"94","93","-6.966765162","15","TRUE","reds"
"95","94","-7.069468734","15","TRUE","reds"
"96","95","-7.808117788","15","TRUE","reds"
"97","96","-7.706240752","15","TRUE","reds"
"98","97","-7.345412628","15","TRUE","reds"
"99","98","-7.361735677","15","TRUE","reds"
"100","99","-7.142214533","15","TRUE","reds"
"101","100","-7.448877339","15","TRUE","reds"
"102","101","-7.407313098","15","TRUE","reds"
"103","102","-7.644340433","15","TRUE","reds"
"104","103","-7.481900731","15","TRUE","reds"
"105","104","-8.138809861","15","TRUE","reds"
"106","105","-7.929756597","15","TRUE","reds"
"107","106","-7.63593272","15","TRUE","reds"
"108","107","-7.729481712","15","TRUE","reds"
"109","108","-7.745511348","15","TRUE","reds"
"110","109","-7.678813723","15","TRUE","reds"
"111","110","-7.571082362","15","TRUE","reds"
"112","111","-7.576428406","15","TRUE","reds"
"113","112","-7.85082458","15","TRUE","reds"
"114","113","-8.023671919","15","TRUE","reds"
"115","114","-7.983050256","15","TRUE","reds"
"116","115","-7.568916494","15","TRUE","reds"
"117","116","-7.868397997","15","TRUE","reds"
"118","117","-7.702892403","15","TRUE","reds"
"119","118","-7.890568658","15","TRUE","reds"
"120","119","-7.752418687","15","TRUE","reds"
"121","120","-7.226683301","15","TRUE","reds"
"122","121","-7.552106923","15","TRUE","reds"
"123","122","-7.454362863","15","TRUE","reds"
"124","123","-7.667503567","15","TRUE","reds"
"125","124","-7.872207251","15","TRUE","reds"
"126","125","-8.071485735","15","TRUE","reds"
"127","126","-8.181108886","15","TRUE","reds"
"128","127","-7.831302618","15","TRUE","reds"
"129","128","-7.839068557","15","TRUE","reds"
"130","129","-7.719388894","15","TRUE","reds"
"131","130","-7.873138043","15","TRUE","reds"
"132","131","-8.009711306","15","TRUE","reds"
"133","132","-8.211428945","15","TRUE","reds"
"134","133","-8.538525234","15","TRUE","reds"
"135","134","-8.515046973","15","TRUE","reds"
"136","135","-8.773776533","15","TRUE","reds"
"137","136","-8.677467193","15","TRUE","reds"
"138","137","-9.16328623","15","TRUE","reds"
"139","138","-9.07099117","15","TRUE","reds"
"140","139","-9.02465137","15","TRUE","reds"
"141","140","-8.739034238","15","TRUE","reds"
"142","141","-8.634432568","15","TRUE","reds"
"143","142","-8.603705878","15","TRUE","reds"
"144","143","-8.417825732","15","TRUE","reds"
"145","144","-8.194473458","15","TRUE","reds"
"146","145","-8.447960132","15","TRUE","reds"
"147","146","-8.077990202","15","TRUE","reds"
"148","147","-7.947100982","15","TRUE","reds"
"149","148","-7.519825652","15","TRUE","reds"
"150","149","-7.969922349","15","TRUE","reds"
"151","150","-7.682838963","15","TRUE","reds"
"152","151","-6.978003251","15","TRUE","reds"
"153","152","-6.749655826","15","TRUE","reds"
"154","153","-6.456777383","15","TRUE","reds"
"155","154","-6.18695104","15","TRUE","reds"
"156","155","-6.439281572","15","TRUE","reds"
"157","156","-5.748704165","15","TRUE","reds"
"158","157","-5.67331046","15","TRUE","reds"
"159","158","-5.26286547","15","TRUE","reds"
"160","159","-5.024544818","15","TRUE","reds"
"161","160","-4.804245791","15","TRUE","reds"
"162","161","-4.685691024","15","TRUE","reds"
"163","162","-4.740303852","15","TRUE","reds"
"164","163","-4.247719572","15","TRUE","reds"
"165","164","-3.972171726","15","TRUE","reds"
"166","165","-3.895649515","15","TRUE","reds"
"167","166","-3.860580584","15","TRUE","reds"
"168","167","-4.47373425","15","TRUE","reds"
"169","168","-4.230737047","15","TRUE","reds"
"170","0","-9.74914164","135","TRUE","red.activs"
"171","1","-9.912070714","135","TRUE","red.activs"
"172","2","-5.679463682","135","TRUE","red.activs"
"173","3","-9.04360947","135","TRUE","red.activs"
"174","4","-11.5139964","135","TRUE","red.activs"
"175","5","-10.16834238","135","TRUE","red.activs"
"176","6","-8.109015263","135","TRUE","red.activs"
"177","7","-7.237800522","135","TRUE","red.activs"
"178","8","-8.093441936","135","TRUE","red.activs"
"179","9","-6.412506131","135","TRUE","red.activs"
"180","10","-9.699122836","135","TRUE","red.activs"
"181","11","-9.651069812","135","TRUE","red.activs"
"182","12","-7.766037037","135","TRUE","red.activs"
"183","13","-9.560342492","135","TRUE","red.activs"
"184","14","-8.754483929","135","TRUE","red.activs"
"185","15","-7.515639477","135","TRUE","red.activs"
"186","16","-9.826584942","135","TRUE","red.activs"
"187","17","-6.58834457","135","TRUE","red.activs"
"188","18","-6.372284811","135","TRUE","red.activs"
"189","19","-9.994267195","135","TRUE","red.activs"
"190","20","-6.371204065","135","TRUE","red.activs"
"191","21","-7.232494583","135","TRUE","red.activs"
"192","22","-9.073646673","135","TRUE","red.activs"
"193","23","-8.77931518","135","TRUE","red.activs"
"194","24","-10.40510396","135","TRUE","red.activs"
"195","25","-10.50610472","135","TRUE","red.activs"
"196","26","-11.0258159","135","TRUE","red.activs"
"197","27","-11.06694398","135","TRUE","red.activs"
"198","28","-10.06374238","135","TRUE","red.activs"
"199","29","-11.01398132","135","TRUE","red.activs"
"200","30","-10.20844751","135","TRUE","red.activs"
"201","31","-11.35540362","135","TRUE","red.activs"
"202","32","-11.16260762","135","TRUE","red.activs"
"203","33","-10.34368208","135","TRUE","red.activs"
"204","34","-10.90196928","135","TRUE","red.activs"
"205","35","-10.56209116","135","TRUE","red.activs"
"206","36","-11.2296517","135","TRUE","red.activs"
"207","37","-10.25350177","135","TRUE","red.activs"
"208","38","-10.84898026","135","TRUE","red.activs"
"209","39","-10.14877456","135","TRUE","red.activs"
"210","40","-10.32106802","135","TRUE","red.activs"
"211","41","-11.02834204","135","TRUE","red.activs"
"212","42","-10.36392867","135","TRUE","red.activs"
"213","43","-9.776669028","135","TRUE","red.activs"
"214","44","-9.946153662","135","TRUE","red.activs"
"215","45","-9.556434616","135","TRUE","red.activs"
"216","46","-9.4102608","135","TRUE","red.activs"
"217","47","-9.407241487","135","TRUE","red.activs"
"218","48","-9.345847117","135","TRUE","red.activs"
"219","49","-9.236472618","135","TRUE","red.activs"
"220","50","-9.642081985","135","TRUE","red.activs"
"221","51","-9.554121065","135","TRUE","red.activs"
"222","52","-9.801623197","135","TRUE","red.activs"
"223","53","-8.96682555","135","TRUE","red.activs"
"224","54","-9.51502031","135","TRUE","red.activs"
"225","55","-9.163188092","135","TRUE","red.activs"
"226","56","-9.257323986","135","TRUE","red.activs"
"227","57","-9.074413563","135","TRUE","red.activs"
"228","58","-9.178981308","135","TRUE","red.activs"
"229","59","-9.244104515","135","TRUE","red.activs"
"230","60","-9.331417145","135","TRUE","red.activs"
"231","61","-9.575377308","135","TRUE","red.activs"
"232","62","-9.231102913","135","TRUE","red.activs"
"233","63","-9.706862821","135","TRUE","red.activs"
"234","64","-9.238280157","135","TRUE","red.activs"
"235","65","-9.526585321","135","TRUE","red.activs"
"236","66","-9.465527641","135","TRUE","red.activs"
"237","67","-9.177976491","135","TRUE","red.activs"
"238","68","-9.072401312","135","TRUE","red.activs"
"239","69","-9.105243935","135","TRUE","red.activs"
"240","70","-9.370464077","135","TRUE","red.activs"
"241","71","-9.02814467","135","TRUE","red.activs"
"242","72","-9.253291715","135","TRUE","red.activs"
"243","73","-9.06228005","135","TRUE","red.activs"
"244","74","-9.490872951","135","TRUE","red.activs"
"245","75","-8.916869016","135","TRUE","red.activs"
"246","76","-9.30825416","135","TRUE","red.activs"
"247","77","-9.425030358","135","TRUE","red.activs"
"248","78","-9.398867222","135","TRUE","red.activs"
"249","79","-9.483706628","135","TRUE","red.activs"
"250","80","-9.527815904","135","TRUE","red.activs"
"251","81","-9.471449864","135","TRUE","red.activs"
"252","82","-9.464894214","135","TRUE","red.activs"
"253","83","-9.462055965","135","TRUE","red.activs"
"254","84","-9.711298887","135","TRUE","red.activs"
"255","85","-9.234293427","135","TRUE","red.activs"
"256","86","-9.651607743","135","TRUE","red.activs"
"257","87","-9.198494808","135","TRUE","red.activs"
"258","88","-9.182039547","135","TRUE","red.activs"
"259","89","-9.422274566","135","TRUE","red.activs"
"260","90","-9.13208651","135","TRUE","red.activs"
"261","91","-9.552014208","135","TRUE","red.activs"
"262","92","-9.340648882","135","TRUE","red.activs"
"263","93","-9.493009869","135","TRUE","red.activs"
"264","94","-9.232354182","135","TRUE","red.activs"
"265","95","-9.258381987","135","TRUE","red.activs"
"266","96","-9.500689566","135","TRUE","red.activs"
"267","97","-9.217181516","135","TRUE","red.activs"
"268","98","-9.348998606","135","TRUE","red.activs"
"269","99","-9.383612219","135","TRUE","red.activs"
"270","100","-9.308775043","135","TRUE","red.activs"
"271","101","-9.079417468","135","TRUE","red.activs"
"272","102","-8.976880314","135","TRUE","red.activs"
"273","103","-9.772755904","135","TRUE","red.activs"
"274","104","-9.253276372","135","TRUE","red.activs"
"275","105","-9.795836918","135","TRUE","red.activs"
"276","106","-9.423335746","135","TRUE","red.activs"
"277","107","-9.40515639","135","TRUE","red.activs"
"278","108","-9.531387663","135","TRUE","red.activs"
"279","109","-9.338062194","135","TRUE","red.activs"
"280","110","-9.47460348","135","TRUE","red.activs"
"281","111","-8.997603928","135","TRUE","red.activs"
"282","112","-9.380167093","135","TRUE","red.activs"
"283","113","-9.150732664","135","TRUE","red.activs"
"284","114","-9.628029321","135","TRUE","red.activs"
"285","115","-9.624053455","135","TRUE","red.activs"
"286","116","-9.641701337","135","TRUE","red.activs"
"287","117","-9.636388414","135","TRUE","red.activs"
"288","118","-9.736489375","135","TRUE","red.activs"
"289","119","-9.773269068","135","TRUE","red.activs"
"290","120","-9.659769364","135","TRUE","red.activs"
"291","121","-10.11106217","135","TRUE","red.activs"
"292","122","-9.337752701","135","TRUE","red.activs"
"293","123","-10.15346098","135","TRUE","red.activs"
"294","124","-9.915481791","135","TRUE","red.activs"
"295","125","-10.09353487","135","TRUE","red.activs"
"296","126","-10.30663706","135","TRUE","red.activs"
"297","127","-9.474088974","135","TRUE","red.activs"
"298","128","-10.34322648","135","TRUE","red.activs"
"299","129","-10.36906941","135","TRUE","red.activs"
"300","130","-10.44919995","135","TRUE","red.activs"
"301","131","-9.86701144","135","TRUE","red.activs"
"302","132","-10.13868186","135","TRUE","red.activs"
"303","133","-10.28175568","135","TRUE","red.activs"
"304","134","-9.759896524","135","TRUE","red.activs"
"305","135","-9.925429884","135","TRUE","red.activs"
"306","136","-10.31147532","135","TRUE","red.activs"
"307","137","-10.21333762","135","TRUE","red.activs"
"308","138","-10.4282175","135","TRUE","red.activs"
"309","139","-10.15996604","135","TRUE","red.activs"
"310","140","-10.10793335","135","TRUE","red.activs"
"311","141","-10.1661072","135","TRUE","red.activs"
"312","142","-10.74229889","135","TRUE","red.activs"
"313","143","-9.940947283","135","TRUE","red.activs"
"314","144","-9.845607552","135","TRUE","red.activs"
"315","145","-9.95060649","135","TRUE","red.activs"
"316","146","-9.432830495","135","TRUE","red.activs"
"317","147","-9.825890618","135","TRUE","red.activs"
"318","148","-9.023920604","135","TRUE","red.activs"
"319","149","-9.169191197","135","TRUE","red.activs"
"320","150","-9.37824512","135","TRUE","red.activs"
"321","151","-9.369124622","135","TRUE","red.activs"
"322","152","-9.011417831","135","TRUE","red.activs"
"323","153","-8.6763822","135","TRUE","red.activs"
"324","154","-7.638197064","135","TRUE","red.activs"
"325","155","-9.319853446","135","TRUE","red.activs"
"326","156","-7.821262584","135","TRUE","red.activs"
"327","157","-7.862162658","135","TRUE","red.activs"
"328","158","-6.861711379","135","TRUE","red.activs"
"329","159","-7.812618122","135","TRUE","red.activs"
"330","160","-7.205271389","135","TRUE","red.activs"
"331","161","-6.571256684","135","TRUE","red.activs"
"332","162","-6.871155637","135","TRUE","red.activs"
"333","163","-6.880906771","135","TRUE","red.activs"
"334","164","-6.910481872","135","TRUE","red.activs"
"335","165","-6.142486592","135","TRUE","red.activs"
"336","166","-6.985537665","135","TRUE","red.activs"
"337","167","-6.851958195","135","TRUE","red.activs"
"338","168","-6.300882018","135","TRUE","red.activs"
"339","0","-0.007419271","125","TRUE","red.voters"
"340","1","-0.413754996","125","TRUE","red.voters"
"341","2","-0.239360952","125","TRUE","red.voters"
"342","3","-0.454660169","125","TRUE","red.voters"
"343","4","0.140254922","125","TRUE","red.voters"
"344","5","-0.665391149","125","TRUE","red.voters"
"345","6","-0.622424467","125","TRUE","red.voters"
"346","7","-0.920760084","125","TRUE","red.voters"
"347","8","-0.547301879","125","TRUE","red.voters"
"348","9","-0.277526304","125","TRUE","red.voters"
"349","10","-0.303637554","125","TRUE","red.voters"
"350","11","-0.94713118","125","TRUE","red.voters"
"351","12","-0.242498302","125","TRUE","red.voters"
"352","13","-0.448867875","125","TRUE","red.voters"
"353","14","-0.596169615","125","TRUE","red.voters"
"354","15","-1.178022333","125","TRUE","red.voters"
"355","16","-0.308236062","125","TRUE","red.voters"
"356","17","-0.62248419","125","TRUE","red.voters"
"357","18","-0.779733942","125","TRUE","red.voters"
"358","19","-0.213863427","125","TRUE","red.voters"
"359","20","-0.534035884","125","TRUE","red.voters"
"360","21","-0.519868725","125","TRUE","red.voters"
"361","22","-0.743264007","125","TRUE","red.voters"
"362","23","-1.222167649","125","TRUE","red.voters"
"363","24","-1.11186168","125","TRUE","red.voters"
"364","25","-1.811036204","125","TRUE","red.voters"
"365","26","-1.217176327","125","TRUE","red.voters"
"366","27","-1.214373946","125","TRUE","red.voters"
"367","28","-2.044387797","125","TRUE","red.voters"
"368","29","-1.969093809","125","TRUE","red.voters"
"369","30","-2.2092471","125","TRUE","red.voters"
"370","31","-2.398019692","125","TRUE","red.voters"
"371","32","-2.355346782","125","TRUE","red.voters"
"372","33","-2.653939506","125","TRUE","red.voters"
"373","34","-2.266196531","125","TRUE","red.voters"
"374","35","-1.787111492","125","TRUE","red.voters"
"375","36","-2.110435964","125","TRUE","red.voters"
"376","37","-2.357260389","125","TRUE","red.voters"
"377","38","-2.304953412","125","TRUE","red.voters"
"378","39","-2.866289553","125","TRUE","red.voters"
"379","40","-2.947512222","125","TRUE","red.voters"
"380","41","-2.506874028","125","TRUE","red.voters"
"381","42","-2.7540173","125","TRUE","red.voters"
"382","43","-2.43333866","125","TRUE","red.voters"
"383","44","-2.854773832","125","TRUE","red.voters"
"384","45","-2.76738546","125","TRUE","red.voters"
"385","46","-3.080140216","125","TRUE","red.voters"
"386","47","-2.862183479","125","TRUE","red.voters"
"387","48","-2.99827673","125","TRUE","red.voters"
"388","49","-2.702649253","125","TRUE","red.voters"
"389","50","-3.041834727","125","TRUE","red.voters"
"390","51","-2.740024651","125","TRUE","red.voters"
"391","52","-2.371967403","125","TRUE","red.voters"
"392","53","-2.389042296","125","TRUE","red.voters"
"393","54","-2.563789972","125","TRUE","red.voters"
"394","55","-2.774982131","125","TRUE","red.voters"
"395","56","-2.635170198","125","TRUE","red.voters"
"396","57","-2.78325248","125","TRUE","red.voters"
"397","58","-2.704309022","125","TRUE","red.voters"
"398","59","-3.00661197","125","TRUE","red.voters"
"399","60","-3.263849867","125","TRUE","red.voters"
"400","61","-2.949509835","125","TRUE","red.voters"
"401","62","-2.803536769","125","TRUE","red.voters"
"402","63","-2.987750735","125","TRUE","red.voters"
"403","64","-3.121639857","125","TRUE","red.voters"
"404","65","-3.320579811","125","TRUE","red.voters"
"405","66","-3.466584957","125","TRUE","red.voters"
"406","67","-3.181568412","125","TRUE","red.voters"
"407","68","-3.512477497","125","TRUE","red.voters"
"408","69","-3.11718111","125","TRUE","red.voters"
"409","70","-2.896225727","125","TRUE","red.voters"
"410","71","-3.230184181","125","TRUE","red.voters"
"411","72","-3.124588694","125","TRUE","red.voters"
"412","73","-3.227903267","125","TRUE","red.voters"
"413","74","-3.386943972","125","TRUE","red.voters"
"414","75","-3.351947885","125","TRUE","red.voters"
"415","76","-3.383190417","125","TRUE","red.voters"
"416","77","-3.477806742","125","TRUE","red.voters"
"417","78","-3.583406994","125","TRUE","red.voters"
"418","79","-3.379361758","125","TRUE","red.voters"
"419","80","-3.461762094","125","TRUE","red.voters"
"420","81","-3.184586004","125","TRUE","red.voters"
"421","82","-3.350334777","125","TRUE","red.voters"
"422","83","-3.198814724","125","TRUE","red.voters"
"423","84","-3.042826495","125","TRUE","red.voters"
"424","85","-3.069219198","125","TRUE","red.voters"
"425","86","-3.041945808","125","TRUE","red.voters"
"426","87","-3.270229194","125","TRUE","red.voters"
"427","88","-3.470785829","125","TRUE","red.voters"
"428","89","-3.338317841","125","TRUE","red.voters"
"429","90","-3.443201851","125","TRUE","red.voters"
"430","91","-2.888800129","125","TRUE","red.voters"
"431","92","-3.156126213","125","TRUE","red.voters"
"432","93","-3.447463144","125","TRUE","red.voters"
"433","94","-3.272436646","125","TRUE","red.voters"
"434","95","-3.347109067","125","TRUE","red.voters"
"435","96","-3.166285268","125","TRUE","red.voters"
"436","97","-3.362952929","125","TRUE","red.voters"
"437","98","-3.329573496","125","TRUE","red.voters"
"438","99","-2.943022472","125","TRUE","red.voters"
"439","100","-3.772250885","125","TRUE","red.voters"
"440","101","-3.504050366","125","TRUE","red.voters"
"441","102","-3.673975077","125","TRUE","red.voters"
"442","103","-3.167815836","125","TRUE","red.voters"
"443","104","-3.206555212","125","TRUE","red.voters"
"444","105","-3.27160111","125","TRUE","red.voters"
"445","106","-3.163832312","125","TRUE","red.voters"
"446","107","-3.200086054","125","TRUE","red.voters"
"447","108","-3.619613188","125","TRUE","red.voters"
"448","109","-3.222098304","125","TRUE","red.voters"
"449","110","-3.42829093","125","TRUE","red.voters"
"450","111","-3.228643674","125","TRUE","red.voters"
"451","112","-3.155636057","125","TRUE","red.voters"
"452","113","-3.366617137","125","TRUE","red.voters"
"453","114","-3.469490056","125","TRUE","red.voters"
"454","115","-2.995027395","125","TRUE","red.voters"
"455","116","-3.115841701","125","TRUE","red.voters"
"456","117","-3.512030401","125","TRUE","red.voters"
"457","118","-3.582274855","125","TRUE","red.voters"
"458","119","-3.275419409","125","TRUE","red.voters"
"459","120","-3.02970865","125","TRUE","red.voters"
"460","121","-2.921784797","125","TRUE","red.voters"
"461","122","-3.17194964","125","TRUE","red.voters"
"462","123","-2.984337851","125","TRUE","red.voters"
"463","124","-2.651711621","125","TRUE","red.voters"
"464","125","-3.296166036","125","TRUE","red.voters"
"465","126","-3.089558814","125","TRUE","red.voters"
"466","127","-3.171425139","125","TRUE","red.voters"
"467","128","-3.094836594","125","TRUE","red.voters"
"468","129","-3.421593024","125","TRUE","red.voters"
"469","130","-3.480713628","125","TRUE","red.voters"
"470","131","-3.427790825","125","TRUE","red.voters"
"471","132","-3.228985879","125","TRUE","red.voters"
"472","133","-3.907665892","125","TRUE","red.voters"
"473","134","-3.332133322","125","TRUE","red.voters"
"474","135","-3.27540509","125","TRUE","red.voters"
"475","136","-3.132367255","125","TRUE","red.voters"
"476","137","-3.476371601","125","TRUE","red.voters"
"477","138","-3.452840995","125","TRUE","red.voters"
"478","139","-2.968199129","125","TRUE","red.voters"
"479","140","-3.443144262","125","TRUE","red.voters"
"480","141","-3.024022298","125","TRUE","red.voters"
"481","142","-3.135816772","125","TRUE","red.voters"
"482","143","-3.225444608","125","TRUE","red.voters"
"483","144","-3.011971297","125","TRUE","red.voters"
"484","145","-3.201799329","125","TRUE","red.voters"
"485","146","-3.201759707","125","TRUE","red.voters"
"486","147","-3.351493674","125","TRUE","red.voters"
"487","148","-3.191533396","125","TRUE","red.voters"
"488","149","-3.28091089","125","TRUE","red.voters"
"489","150","-3.146148885","125","TRUE","red.voters"
"490","151","-3.479164846","125","TRUE","red.voters"
"491","152","-2.994693573","125","TRUE","red.voters"
"492","153","-3.087764329","125","TRUE","red.voters"
"493","154","-3.228729381","125","TRUE","red.voters"
"494","155","-3.089813994","125","TRUE","red.voters"
"495","156","-2.845195505","125","TRUE","red.voters"
"496","157","-3.193812304","125","TRUE","red.voters"
"497","158","-3.015554021","125","TRUE","red.voters"
"498","159","-3.123408903","125","TRUE","red.voters"
"499","160","-2.793285941","125","TRUE","red.voters"
"500","161","-2.875896","125","TRUE","red.voters"
"501","162","-2.597978405","125","TRUE","red.voters"
"502","163","-2.748954586","125","TRUE","red.voters"
"503","164","-2.4718917","125","TRUE","red.voters"
"504","165","-2.761714927","125","TRUE","red.voters"
"505","166","-2.528080283","125","TRUE","red.voters"
"506","167","-2.974806525","125","TRUE","red.voters"
"507","168","-2.360589193","125","TRUE","red.voters"
"508","0","0.376347244","95","TRUE","blues"
"509","1","0.07032073","95","TRUE","blues"
"510","2","-0.079967885","95","TRUE","blues"
"511","3","0.172861302","95","TRUE","blues"
"512","4","0.342730977","95","TRUE","blues"
"513","5","0.510477479","95","TRUE","blues"
"514","6","0.482940896","95","TRUE","blues"
"515","7","-0.067868048","95","TRUE","blues"
"516","8","0.361607417","95","TRUE","blues"
"517","9","-0.043057957","95","TRUE","blues"
"518","10","-0.098151225","95","TRUE","blues"
"519","11","0.006694431","95","TRUE","blues"
"520","12","-0.201328806","95","TRUE","blues"
"521","13","0.06145185","95","TRUE","blues"
"522","14","0.046522454","95","TRUE","blues"
"523","15","0.202901435","95","TRUE","blues"
"524","16","0.174881348","95","TRUE","blues"
"525","17","-0.001354144","95","TRUE","blues"
"526","18","-0.077162963","95","TRUE","blues"
"527","19","0.08500385","95","TRUE","blues"
"528","20","0.319918765","95","TRUE","blues"
"529","21","0.416392883","95","TRUE","blues"
"530","22","0.649578961","95","TRUE","blues"
"531","23","0.962927991","95","TRUE","blues"
"532","24","0.9690503","95","TRUE","blues"
"533","25","1.038979078","95","TRUE","blues"
"534","26","0.922172603","95","TRUE","blues"
"535","27","1.731265833","95","TRUE","blues"
"536","28","2.180986237","95","TRUE","blues"
"537","29","2.451066118","95","TRUE","blues"
"538","30","2.568320538","95","TRUE","blues"
"539","31","2.366416293","95","TRUE","blues"
"540","32","2.426967434","95","TRUE","blues"
"541","33","2.876428226","95","TRUE","blues"
"542","34","2.989797357","95","TRUE","blues"
"543","35","2.639976331","95","TRUE","blues"
"544","36","3.232310155","95","TRUE","blues"
"545","37","3.162014664","95","TRUE","blues"
"546","38","2.942761014","95","TRUE","blues"
"547","39","4.026813229","95","TRUE","blues"
"548","40","4.142890857","95","TRUE","blues"
"549","41","3.844800439","95","TRUE","blues"
"550","42","4.462987073","95","TRUE","blues"
"551","43","4.958760525","95","TRUE","blues"
"552","44","4.811382257","95","TRUE","blues"
"553","45","4.384862421","95","TRUE","blues"
"554","46","4.699261215","95","TRUE","blues"
"555","47","4.60589745","95","TRUE","blues"
"556","48","4.883309544","95","TRUE","blues"
"557","49","4.940568924","95","TRUE","blues"
"558","50","4.837664224","95","TRUE","blues"
"559","51","4.77483663","95","TRUE","blues"
"560","52","4.516286549","95","TRUE","blues"
"561","53","5.407771708","95","TRUE","blues"
"562","54","4.993584168","95","TRUE","blues"
"563","55","5.486359413","95","TRUE","blues"
"564","56","5.684302603","95","TRUE","blues"
"565","57","6.49691339","95","TRUE","blues"
"566","58","6.086233205","95","TRUE","blues"
"567","59","5.920468613","95","TRUE","blues"
"568","60","6.380559352","95","TRUE","blues"
"569","61","6.524295229","95","TRUE","blues"
"570","62","6.520040342","95","TRUE","blues"
"571","63","6.951049366","95","TRUE","blues"
"572","64","6.814449423","95","TRUE","blues"
"573","65","7.076940594","95","TRUE","blues"
"574","66","7.003814101","95","TRUE","blues"
"575","67","7.706871409","95","TRUE","blues"
"576","68","7.755608036","95","TRUE","blues"
"577","69","7.848961429","95","TRUE","blues"
"578","70","7.746475685","95","TRUE","blues"
"579","71","7.733376859","95","TRUE","blues"
"580","72","7.594233991","95","TRUE","blues"
"581","73","7.854492769","95","TRUE","blues"
"582","74","7.701989013","95","TRUE","blues"
"583","75","7.983568359","95","TRUE","blues"
"584","76","7.656602412","95","TRUE","blues"
"585","77","7.691993098","95","TRUE","blues"
"586","78","7.589891756","95","TRUE","blues"
"587","79","7.849026227","95","TRUE","blues"
"588","80","7.670851872","95","TRUE","blues"
"589","81","7.646943037","95","TRUE","blues"
"590","82","7.44294257","95","TRUE","blues"
"591","83","7.498512235","95","TRUE","blues"
"592","84","7.050163793","95","TRUE","blues"
"593","85","7.320299741","95","TRUE","blues"
"594","86","7.239271048","95","TRUE","blues"
"595","87","7.750024867","95","TRUE","blues"
"596","88","7.506593815","95","TRUE","blues"
"597","89","7.139002399","95","TRUE","blues"
"598","90","6.81752176","95","TRUE","blues"
"599","91","6.801172628","95","TRUE","blues"
"600","92","6.920834454","95","TRUE","blues"
"601","93","6.971368657","95","TRUE","blues"
"602","94","7.081531604","95","TRUE","blues"
"603","95","6.64423802","95","TRUE","blues"
"604","96","6.884189611","95","TRUE","blues"
"605","97","7.045960576","95","TRUE","blues"
"606","98","6.648809735","95","TRUE","blues"
"607","99","6.502313876","95","TRUE","blues"
"608","100","6.555716873","95","TRUE","blues"
"609","101","6.579400721","95","TRUE","blues"
"610","102","6.165907036","95","TRUE","blues"
"611","103","6.306312103","95","TRUE","blues"
"612","104","6.213098424","95","TRUE","blues"
"613","105","6.53633071","95","TRUE","blues"
"614","106","6.662785307","95","TRUE","blues"
"615","107","6.840596341","95","TRUE","blues"
"616","108","6.643188885","95","TRUE","blues"
"617","109","6.86768196","95","TRUE","blues"
"618","110","6.538971442","95","TRUE","blues"
"619","111","6.568814445","95","TRUE","blues"
"620","112","6.714852616","95","TRUE","blues"
"621","113","6.638551727","95","TRUE","blues"
"622","114","6.482665286","95","TRUE","blues"
"623","115","6.736675913","95","TRUE","blues"
"624","116","6.521538974","95","TRUE","blues"
"625","117","6.694214371","95","TRUE","blues"
"626","118","6.278067184","95","TRUE","blues"
"627","119","6.253430441","95","TRUE","blues"
"628","120","6.033194736","95","TRUE","blues"
"629","121","6.064970032","95","TRUE","blues"
"630","122","6.402936433","95","TRUE","blues"
"631","123","6.172990555","95","TRUE","blues"
"632","124","5.716780866","95","TRUE","blues"
"633","125","5.091484269","95","TRUE","blues"
"634","126","5.67613903","95","TRUE","blues"
"635","127","5.83604214","95","TRUE","blues"
"636","128","6.005751257","95","TRUE","blues"
"637","129","5.998574092","95","TRUE","blues"
"638","130","5.549814428","95","TRUE","blues"
"639","131","5.877117027","95","TRUE","blues"
"640","132","5.813266665","95","TRUE","blues"
"641","133","5.330036095","95","TRUE","blues"
"642","134","5.444068146","95","TRUE","blues"
"643","135","5.581683838","95","TRUE","blues"
"644","136","5.538853917","95","TRUE","blues"
"645","137","5.813974187","95","TRUE","blues"
"646","138","5.582056698","95","TRUE","blues"
"647","139","5.699607217","95","TRUE","blues"
"648","140","6.253283987","95","TRUE","blues"
"649","141","5.997643987","95","TRUE","blues"
"650","142","6.081095273","95","TRUE","blues"
"651","143","6.376654786","95","TRUE","blues"
"652","144","6.092433581","95","TRUE","blues"
"653","145","5.938199299","95","TRUE","blues"
"654","146","5.899048867","95","TRUE","blues"
"655","147","5.83361944","95","TRUE","blues"
"656","148","5.799652264","95","TRUE","blues"
"657","149","5.564800314","95","TRUE","blues"
"658","150","5.37768828","95","TRUE","blues"
"659","151","5.042554937","95","TRUE","blues"
"660","152","4.784876697","95","TRUE","blues"
"661","153","5.186655766","95","TRUE","blues"
"662","154","5.007431748","95","TRUE","blues"
"663","155","4.924233289","95","TRUE","blues"
"664","156","5.289120347","95","TRUE","blues"
"665","157","5.344185655","95","TRUE","blues"
"666","158","5.350776317","95","TRUE","blues"
"667","159","5.233738544","95","TRUE","blues"
"668","160","5.315522861","95","TRUE","blues"
"669","161","5.301851211","95","TRUE","blues"
"670","162","5.071958709","95","TRUE","blues"
"671","163","4.600315801","95","TRUE","blues"
"672","164","4.114934474","95","TRUE","blues"
"673","165","4.613225153","95","TRUE","blues"
"674","166","4.358289076","95","TRUE","blues"
"675","167","4.24972156","95","TRUE","blues"
"676","168","3.842249237","95","TRUE","blues"
"677","0","7.803329803","95","TRUE","blue.activs"
"678","1","7.74466821","95","TRUE","blue.activs"
"679","2","4.927503148","95","TRUE","blue.activs"
"680","3","7.288107783","95","TRUE","blue.activs"
"681","4","9.792271246","95","TRUE","blue.activs"
"682","5","9.129218212","95","TRUE","blue.activs"
"683","6","6.381707682","95","TRUE","blue.activs"
"684","7","7.583722016","95","TRUE","blue.activs"
"685","8","7.822119243","95","TRUE","blue.activs"
"686","9","4.612727808","95","TRUE","blue.activs"
"687","10","7.438083944","95","TRUE","blue.activs"
"688","11","9.011882028","95","TRUE","blue.activs"
"689","12","6.601979347","95","TRUE","blue.activs"
"690","13","7.074068408","95","TRUE","blue.activs"
"691","14","8.718529047","95","TRUE","blue.activs"
"692","15","6.533270022","95","TRUE","blue.activs"
"693","16","8.24435116","95","TRUE","blue.activs"
"694","17","6.941177865","95","TRUE","blue.activs"
"695","18","7.545144227","95","TRUE","blue.activs"
"696","19","8.014892837","95","TRUE","blue.activs"
"697","20","6.629264376","95","TRUE","blue.activs"
"698","21","7.360235875","95","TRUE","blue.activs"
"699","22","7.14280882","95","TRUE","blue.activs"
"700","23","9.156712281","95","TRUE","blue.activs"
"701","24","9.506573348","95","TRUE","blue.activs"
"702","25","9.629392188","95","TRUE","blue.activs"
"703","26","9.756810419","95","TRUE","blue.activs"
"704","27","9.773044206","95","TRUE","blue.activs"
"705","28","10.09365307","95","TRUE","blue.activs"
"706","29","9.758856192","95","TRUE","blue.activs"
"707","30","9.235498709","95","TRUE","blue.activs"
"708","31","9.941839833","95","TRUE","blue.activs"
"709","32","9.461362335","95","TRUE","blue.activs"
"710","33","9.765528821","95","TRUE","blue.activs"
"711","34","9.787573894","95","TRUE","blue.activs"
"712","35","9.817533537","95","TRUE","blue.activs"
"713","36","9.812772795","95","TRUE","blue.activs"
"714","37","9.318879278","95","TRUE","blue.activs"
"715","38","9.615996368","95","TRUE","blue.activs"
"716","39","10.68064466","95","TRUE","blue.activs"
"717","40","9.613714387","95","TRUE","blue.activs"
"718","41","9.639674072","95","TRUE","blue.activs"
"719","42","9.286972998","95","TRUE","blue.activs"
"720","43","9.101885989","95","TRUE","blue.activs"
"721","44","8.77139863","95","TRUE","blue.activs"
"722","45","9.290523946","95","TRUE","blue.activs"
"723","46","8.698928007","95","TRUE","blue.activs"
"724","47","8.889234723","95","TRUE","blue.activs"
"725","48","8.825467218","95","TRUE","blue.activs"
"726","49","9.173255771","95","TRUE","blue.activs"
"727","50","9.317039093","95","TRUE","blue.activs"
"728","51","9.041733359","95","TRUE","blue.activs"
"729","52","9.017326011","95","TRUE","blue.activs"
"730","53","9.124365884","95","TRUE","blue.activs"
"731","54","8.924174035","95","TRUE","blue.activs"
"732","55","8.864375136","95","TRUE","blue.activs"
"733","56","8.971249745","95","TRUE","blue.activs"
"734","57","8.793098266","95","TRUE","blue.activs"
"735","58","8.917779066","95","TRUE","blue.activs"
"736","59","9.27271635","95","TRUE","blue.activs"
"737","60","8.793742969","95","TRUE","blue.activs"
"738","61","8.99591554","95","TRUE","blue.activs"
"739","62","9.094061378","95","TRUE","blue.activs"
"740","63","9.045035766","95","TRUE","blue.activs"
"741","64","8.848595279","95","TRUE","blue.activs"
"742","65","8.693947821","95","TRUE","blue.activs"
"743","66","8.379737217","95","TRUE","blue.activs"
"744","67","9.067567263","95","TRUE","blue.activs"
"745","68","8.631527273","95","TRUE","blue.activs"
"746","69","8.910348303","95","TRUE","blue.activs"
"747","70","8.613268792","95","TRUE","blue.activs"
"748","71","8.803268199","95","TRUE","blue.activs"
"749","72","8.705565961","95","TRUE","blue.activs"
"750","73","8.982044461","95","TRUE","blue.activs"
"751","74","8.493926578","95","TRUE","blue.activs"
"752","75","8.665067249","95","TRUE","blue.activs"
"753","76","8.939790265","95","TRUE","blue.activs"
"754","77","8.487879769","95","TRUE","blue.activs"
"755","78","8.498330766","95","TRUE","blue.activs"
"756","79","8.728477174","95","TRUE","blue.activs"
"757","80","9.316703832","95","TRUE","blue.activs"
"758","81","8.992746117","95","TRUE","blue.activs"
"759","82","8.971915231","95","TRUE","blue.activs"
"760","83","8.612850686","95","TRUE","blue.activs"
"761","84","8.611345091","95","TRUE","blue.activs"
"762","85","8.612929305","95","TRUE","blue.activs"
"763","86","8.607602943","95","TRUE","blue.activs"
"764","87","8.222777461","95","TRUE","blue.activs"
"765","88","8.702604666","95","TRUE","blue.activs"
"766","89","8.939522676","95","TRUE","blue.activs"
"767","90","8.490886817","95","TRUE","blue.activs"
"768","91","9.042065037","95","TRUE","blue.activs"
"769","92","8.494319764","95","TRUE","blue.activs"
"770","93","8.754722007","95","TRUE","blue.activs"
"771","94","8.388219091","95","TRUE","blue.activs"
"772","95","8.103856342","95","TRUE","blue.activs"
"773","96","8.272200616","95","TRUE","blue.activs"
"774","97","8.144879911","95","TRUE","blue.activs"
"775","98","8.467180631","95","TRUE","blue.activs"
"776","99","8.232292293","95","TRUE","blue.activs"
"777","100","7.808906068","95","TRUE","blue.activs"
"778","101","7.916439066","95","TRUE","blue.activs"
"779","102","7.952084989","95","TRUE","blue.activs"
"780","103","8.38991417","95","TRUE","blue.activs"
"781","104","7.963403145","95","TRUE","blue.activs"
"782","105","7.97374067","95","TRUE","blue.activs"
"783","106","7.97321775","95","TRUE","blue.activs"
"784","107","8.083259031","95","TRUE","blue.activs"
"785","108","7.827932979","95","TRUE","blue.activs"
"786","109","7.981737361","95","TRUE","blue.activs"
"787","110","8.022422111","95","TRUE","blue.activs"
"788","111","7.902731646","95","TRUE","blue.activs"
"789","112","8.135198529","95","TRUE","blue.activs"
"790","113","7.942987025","95","TRUE","blue.activs"
"791","114","8.336337257","95","TRUE","blue.activs"
"792","115","8.246234451","95","TRUE","blue.activs"
"793","116","8.394619431","95","TRUE","blue.activs"
"794","117","7.995477129","95","TRUE","blue.activs"
"795","118","8.494220824","95","TRUE","blue.activs"
"796","119","7.950855464","95","TRUE","blue.activs"
"797","120","8.612908342","95","TRUE","blue.activs"
"798","121","8.85627442","95","TRUE","blue.activs"
"799","122","8.585307081","95","TRUE","blue.activs"
"800","123","8.328264788","95","TRUE","blue.activs"
"801","124","8.158640943","95","TRUE","blue.activs"
"802","125","7.820709736","95","TRUE","blue.activs"
"803","126","7.69209222","95","TRUE","blue.activs"
"804","127","8.401169539","95","TRUE","blue.activs"
"805","128","8.333658139","95","TRUE","blue.activs"
"806","129","8.326201894","95","TRUE","blue.activs"
"807","130","7.741999516","95","TRUE","blue.activs"
"808","131","8.090523893","95","TRUE","blue.activs"
"809","132","8.254280469","95","TRUE","blue.activs"
"810","133","7.533568394","95","TRUE","blue.activs"
"811","134","7.380189285","95","TRUE","blue.activs"
"812","135","7.38092543","95","TRUE","blue.activs"
"813","136","7.984308651","95","TRUE","blue.activs"
"814","137","7.430145714","95","TRUE","blue.activs"
"815","138","7.849626178","95","TRUE","blue.activs"
"816","139","7.722525579","95","TRUE","blue.activs"
"817","140","7.908923123","95","TRUE","blue.activs"
"818","141","8.127135013","95","TRUE","blue.activs"
"819","142","7.603689445","95","TRUE","blue.activs"
"820","143","8.611013381","95","TRUE","blue.activs"
"821","144","7.890064102","95","TRUE","blue.activs"
"822","145","8.110222602","95","TRUE","blue.activs"
"823","146","7.818022419","95","TRUE","blue.activs"
"824","147","8.092831579","95","TRUE","blue.activs"
"825","148","8.29768339","95","TRUE","blue.activs"
"826","149","7.754101024","95","TRUE","blue.activs"
"827","150","8.185157505","95","TRUE","blue.activs"
"828","151","7.469707088","95","TRUE","blue.activs"
"829","152","8.014543567","95","TRUE","blue.activs"
"830","153","7.217492988","95","TRUE","blue.activs"
"831","154","7.358524848","95","TRUE","blue.activs"
"832","155","7.618240535","95","TRUE","blue.activs"
"833","156","7.400600992","95","TRUE","blue.activs"
"834","157","6.91126784","95","TRUE","blue.activs"
"835","158","7.30072638","95","TRUE","blue.activs"
"836","159","7.560747913","95","TRUE","blue.activs"
"837","160","7.171077673","95","TRUE","blue.activs"
"838","161","6.902929786","95","TRUE","blue.activs"
"839","162","6.510262179","95","TRUE","blue.activs"
"840","163","7.084850223","95","TRUE","blue.activs"
"841","164","6.339387487","95","TRUE","blue.activs"
"842","165","5.553044486","95","TRUE","blue.activs"
"843","166","5.887202679","95","TRUE","blue.activs"
"844","167","6.148342708","95","TRUE","blue.activs"
"845","168","5.271345654","95","TRUE","blue.activs"
"846","0","-0.316037341","75","TRUE","blue.voters"
"847","1","-0.047033153","75","TRUE","blue.voters"
"848","2","-0.308900505","75","TRUE","blue.voters"
"849","3","0.090348281","75","TRUE","blue.voters"
"850","4","0.216951583","75","TRUE","blue.voters"
"851","5","0.386215658","75","TRUE","blue.voters"
"852","6","0.122694443","75","TRUE","blue.voters"
"853","7","0.520055566","75","TRUE","blue.voters"
"854","8","0.405673903","75","TRUE","blue.voters"
"855","9","0.012195444","75","TRUE","blue.voters"
"856","10","0.301140595","75","TRUE","blue.voters"
"857","11","0.448488172","75","TRUE","blue.voters"
"858","12","-0.040626194","75","TRUE","blue.voters"
"859","13","0.091200384","75","TRUE","blue.voters"
"860","14","0.533708283","75","TRUE","blue.voters"
"861","15","0.386158006","75","TRUE","blue.voters"
"862","16","0.433040942","75","TRUE","blue.voters"
"863","17","0.212990514","75","TRUE","blue.voters"
"864","18","0.440952572","75","TRUE","blue.voters"
"865","19","-0.153452074","75","TRUE","blue.voters"
"866","20","0.520030104","75","TRUE","blue.voters"
"867","21","0.501816404","75","TRUE","blue.voters"
"868","22","0.600963579","75","TRUE","blue.voters"
"869","23","0.590860894","75","TRUE","blue.voters"
"870","24","1.06226292","75","TRUE","blue.voters"
"871","25","1.484925472","75","TRUE","blue.voters"
"872","26","1.258629098","75","TRUE","blue.voters"
"873","27","1.573468263","75","TRUE","blue.voters"
"874","28","1.478346758","75","TRUE","blue.voters"
"875","29","1.673682733","75","TRUE","blue.voters"
"876","30","1.924771857","75","TRUE","blue.voters"
"877","31","1.818530686","75","TRUE","blue.voters"
"878","32","2.470473821","75","TRUE","blue.voters"
"879","33","1.896009107","75","TRUE","blue.voters"
"880","34","2.195865637","75","TRUE","blue.voters"
"881","35","1.751232611","75","TRUE","blue.voters"
"882","36","2.358310091","75","TRUE","blue.voters"
"883","37","2.354889458","75","TRUE","blue.voters"
"884","38","1.909927414","75","TRUE","blue.voters"
"885","39","1.977700488","75","TRUE","blue.voters"
"886","40","2.682895821","75","TRUE","blue.voters"
"887","41","2.187276696","75","TRUE","blue.voters"
"888","42","2.415464335","75","TRUE","blue.voters"
"889","43","2.286677581","75","TRUE","blue.voters"
"890","44","2.652825613","75","TRUE","blue.voters"
"891","45","2.47784584","75","TRUE","blue.voters"
"892","46","2.809681959","75","TRUE","blue.voters"
"893","47","2.780446277","75","TRUE","blue.voters"
"894","48","2.663394947","75","TRUE","blue.voters"
"895","49","2.631266663","75","TRUE","blue.voters"
"896","50","2.699179639","75","TRUE","blue.voters"
"897","51","2.385753866","75","TRUE","blue.voters"
"898","52","2.272437635","75","TRUE","blue.voters"
"899","53","2.156047662","75","TRUE","blue.voters"
"900","54","2.169179136","75","TRUE","blue.voters"
"901","55","2.411355976","75","TRUE","blue.voters"
"902","56","2.311978081","75","TRUE","blue.voters"
"903","57","2.544498324","75","TRUE","blue.voters"
"904","58","2.441904134","75","TRUE","blue.voters"
"905","59","2.733244328","75","TRUE","blue.voters"
"906","60","2.955380743","75","TRUE","blue.voters"
"907","61","2.74540566","75","TRUE","blue.voters"
"908","62","2.706685334","75","TRUE","blue.voters"
"909","63","3.039542506","75","TRUE","blue.voters"
"910","64","3.450753703","75","TRUE","blue.voters"
"911","65","3.074801595","75","TRUE","blue.voters"
"912","66","2.851290537","75","TRUE","blue.voters"
"913","67","2.877472229","75","TRUE","blue.voters"
"914","68","3.398065194","75","TRUE","blue.voters"
"915","69","2.896002259","75","TRUE","blue.voters"
"916","70","2.887380117","75","TRUE","blue.voters"
"917","71","3.107230227","75","TRUE","blue.voters"
"918","72","3.08144981","75","TRUE","blue.voters"
"919","73","2.665559304","75","TRUE","blue.voters"
"920","74","3.417806385","75","TRUE","blue.voters"
"921","75","3.369333527","75","TRUE","blue.voters"
"922","76","3.005808116","75","TRUE","blue.voters"
"923","77","2.972200324","75","TRUE","blue.voters"
"924","78","3.230514341","75","TRUE","blue.voters"
"925","79","3.335887785","75","TRUE","blue.voters"
"926","80","2.960862575","75","TRUE","blue.voters"
"927","81","3.144177714","75","TRUE","blue.voters"
"928","82","3.653331035","75","TRUE","blue.voters"
"929","83","3.344104325","75","TRUE","blue.voters"
"930","84","2.787909159","75","TRUE","blue.voters"
"931","85","2.877245404","75","TRUE","blue.voters"
"932","86","2.552309808","75","TRUE","blue.voters"
"933","87","3.329759257","75","TRUE","blue.voters"
"934","88","3.207974731","75","TRUE","blue.voters"
"935","89","3.240800966","75","TRUE","blue.voters"
"936","90","3.333674791","75","TRUE","blue.voters"
"937","91","2.532110229","75","TRUE","blue.voters"
"938","92","2.682635121","75","TRUE","blue.voters"
"939","93","3.263701518","75","TRUE","blue.voters"
"940","94","2.862577593","75","TRUE","blue.voters"
"941","95","2.669125131","75","TRUE","blue.voters"
"942","96","2.676457634","75","TRUE","blue.voters"
"943","97","2.798897463","75","TRUE","blue.voters"
"944","98","3.038045471","75","TRUE","blue.voters"
"945","99","3.007239904","75","TRUE","blue.voters"
"946","100","3.327594145","75","TRUE","blue.voters"
"947","101","3.28756335","75","TRUE","blue.voters"
"948","102","2.924692446","75","TRUE","blue.voters"
"949","103","3.024941594","75","TRUE","blue.voters"
"950","104","2.795271934","75","TRUE","blue.voters"
"951","105","2.769870898","75","TRUE","blue.voters"
"952","106","3.036758346","75","TRUE","blue.voters"
"953","107","3.001668636","75","TRUE","blue.voters"
"954","108","3.441522158","75","TRUE","blue.voters"
"955","109","3.283176247","75","TRUE","blue.voters"
"956","110","3.015641734","75","TRUE","blue.voters"
"957","111","2.674442037","75","TRUE","blue.voters"
"958","112","2.648159314","75","TRUE","blue.voters"
"959","113","2.794862993","75","TRUE","blue.voters"
"960","114","2.771766025","75","TRUE","blue.voters"
"961","115","3.030783583","75","TRUE","blue.voters"
"962","116","2.990045423","75","TRUE","blue.voters"
"963","117","3.079714026","75","TRUE","blue.voters"
"964","118","3.24325536","75","TRUE","blue.voters"
"965","119","2.763116436","75","TRUE","blue.voters"
"966","120","2.736186666","75","TRUE","blue.voters"
"967","121","2.589613642","75","TRUE","blue.voters"
"968","122","2.935966371","75","TRUE","blue.voters"
"969","123","2.541794987","75","TRUE","blue.voters"
"970","124","2.357432011","75","TRUE","blue.voters"
"971","125","2.897125058","75","TRUE","blue.voters"
"972","126","3.040197557","75","TRUE","blue.voters"
"973","127","2.477975265","75","TRUE","blue.voters"
"974","128","2.390848431","75","TRUE","blue.voters"
"975","129","2.73847682","75","TRUE","blue.voters"
"976","130","2.981292233","75","TRUE","blue.voters"
"977","131","2.739123887","75","TRUE","blue.voters"
"978","132","2.171102258","75","TRUE","blue.voters"
"979","133","2.881522495","75","TRUE","blue.voters"
"980","134","2.817265479","75","TRUE","blue.voters"
"981","135","2.644263045","75","TRUE","blue.voters"
"982","136","2.545664923","75","TRUE","blue.voters"
"983","137","2.926218815","75","TRUE","blue.voters"
"984","138","2.830170451","75","TRUE","blue.voters"
"985","139","2.565872321","75","TRUE","blue.voters"
"986","140","2.356366544","75","TRUE","blue.voters"
"987","141","2.606335799","75","TRUE","blue.voters"
"988","142","2.851073057","75","TRUE","blue.voters"
"989","143","2.631929868","75","TRUE","blue.voters"
"990","144","2.734560597","75","TRUE","blue.voters"
"991","145","2.649865091","75","TRUE","blue.voters"
"992","146","3.045368661","75","TRUE","blue.voters"
"993","147","3.045069893","75","TRUE","blue.voters"
"994","148","2.747877063","75","TRUE","blue.voters"
"995","149","2.971602971","75","TRUE","blue.voters"
"996","150","2.329803708","75","TRUE","blue.voters"
"997","151","3.180576059","75","TRUE","blue.voters"
"998","152","2.618477797","75","TRUE","blue.voters"
"999","153","2.888178784","75","TRUE","blue.voters"
"1000","154","2.537467709","75","TRUE","blue.voters"
"1001","155","2.712960987","75","TRUE","blue.voters"
"1002","156","2.673996732","75","TRUE","blue.voters"
"1003","157","2.654313351","75","TRUE","blue.voters"
"1004","158","2.30814237","75","TRUE","blue.voters"
"1005","159","2.511400495","75","TRUE","blue.voters"
"1006","160","2.663977847","75","TRUE","blue.voters"
"1007","161","2.722234795","75","TRUE","blue.voters"
"1008","162","2.483320191","75","TRUE","blue.voters"
"1009","163","2.557536237","75","TRUE","blue.voters"
"1010","164","2.093152527","75","TRUE","blue.voters"
"1011","165","2.036745926","75","TRUE","blue.voters"
"1012","166","2.225256069","75","TRUE","blue.voters"
"1013","167","2.780242257","75","TRUE","blue.voters"
"1014","168","2.32815292","75","TRUE","blue.voters"
